set,source,config,n,auc,sensitivity_aac,accuracy,macro_f1,cbc_bio_accuracy,tier1_share,tier1_accuracy
dev,cross-generation,A1_FULL_CBC_S1,863,0.7803239743821286,0.814756671899529,,,,,
dev,cross-generation,A1_FULL_CBC_S2,637,0.847708147533652,,0.6562009419152276,0.640862452354674,,,
dev,cross-generation,A1_FULL_CBC_MX,391,0.8475110270951481,,,,,,
dev,cross-generation,A1_FULL_CBC_BIO_S1,657,0.7672338101764605,0.8129175946547884,,,,,
dev,cross-generation,A1_FULL_CBC_BIO_S2,449,0.8678643591756521,,0.6837416481069042,0.6759486532614675,,,
dev,cross-generation,cascade,657,,,0.5677321156773212,,0.5692541856925418,0.106544901065449,0.8142857142857143
temporal,TSTR,A1_FULL_CBC_S1,97,,0.865979381443299,,,,,
temporal,TSTR,A1_FULL_CBC_S2,97,0.9148526147779255,,0.7216494845360825,0.726095825426945,,,
temporal,TSTR,A1_FULL_CBC_MX,49,0.8712374581939799,,,,,,
temporal,TSTR,A1_FULL_CBC_BIO_S1,97,,0.8556701030927835,,,,,
temporal,TSTR,A1_FULL_CBC_BIO_S2,97,0.9409099297085995,,0.7422680412371134,0.7427122082504991,,,
temporal,TSTR,cascade,97,,,0.6804123711340206,,0.6701030927835051,0.13402061855670103,0.9230769230769231
